{"cameraMode":{"drawMode":0,"name":"Shaded","section":"Shading Mode"},"sceneLighting":true,"audioPlay":false,"sceneViewState":{"showFog":false,"showMaterialUpdate":false,"showSkybox":true,"showFlares":true,"showImageEffects":true,"showParticleSystems":true},"in2DMode":false,"pivot":{"x":-38.83322525024414,"y":-23.899456024169923,"z":-16.278095245361329},"rotation":{"x":-0.2692447304725647,"y":0.5589321255683899,"z":-0.19814147055149079,"w":-0.7590217590332031},"size":83.38731384277344,"orthographic":false}