{"cameraMode":{"drawMode":0,"name":"Shaded","section":"Shading Mode"},"sceneLighting":false,"audioPlay":false,"sceneViewState":{"showFog":true,"showMaterialUpdate":false,"showSkybox":false,"showFlares":true,"showImageEffects":true,"showParticleSystems":true},"in2DMode":false,"pivot":{"x":0.0645681768655777,"y":0.3992331624031067,"z":-1.862645149230957e-9},"rotation":{"x":0.13489072024822236,"y":-0.016511445865035058,"z":0.002162378281354904,"w":0.9908084273338318},"size":0.4421767592430115,"orthographic":false}