{"cameraMode":{"drawMode":0,"name":"Shaded","section":"Shading Mode"},"sceneLighting":false,"audioPlay":false,"sceneViewState":{"showFog":true,"showMaterialUpdate":false,"showSkybox":false,"showFlares":true,"showImageEffects":true,"showParticleSystems":true},"in2DMode":false,"pivot":{"x":6.398959636688232,"y":14.398058891296387,"z":6.526193618774414},"rotation":{"x":0.08065150678157807,"y":-0.11783941835165024,"z":0.00959971733391285,"w":0.9897215366363525},"size":11.044322967529297,"orthographic":false}