{"cameraMode":{"drawMode":0,"name":"Shaded","section":"Shading Mode"},"sceneLighting":true,"audioPlay":false,"sceneViewState":{"showFog":true,"showMaterialUpdate":false,"showSkybox":true,"showFlares":true,"showImageEffects":true,"showParticleSystems":true},"in2DMode":false,"pivot":{"x":13.495635032653809,"y":-0.1836695671081543,"z":32.71414566040039},"rotation":{"x":-0.09911385923624039,"y":0.290218710899353,"z":-0.030236179009079934,"w":-0.9513334035873413},"size":13.558195114135743,"orthographic":false}