{"cameraMode":{"drawMode":0,"name":"Shaded","section":"Shading Mode"},"sceneLighting":true,"audioPlay":false,"sceneViewState":{"showFog":true,"showMaterialUpdate":false,"showSkybox":true,"showFlares":true,"showImageEffects":true,"showParticleSystems":true},"in2DMode":false,"pivot":{"x":56.62430953979492,"y":-160.94647216796876,"z":264.3428649902344},"rotation":{"x":0.2772708237171173,"y":0.09318601340055466,"z":-0.0270379725843668,"w":0.955922544002533},"size":167.4853973388672,"orthographic":false}