{"cameraMode":{"drawMode":0,"name":"Shaded","section":"Shading Mode"},"sceneLighting":true,"audioPlay":false,"sceneViewState":{"showFog":true,"showMaterialUpdate":false,"showSkybox":true,"showFlares":true,"showImageEffects":true,"showParticleSystems":true},"in2DMode":false,"pivot":{"x":382.790771484375,"y":-49.630516052246097,"z":234.91378784179688},"rotation":{"x":0.20950046181678773,"y":-0.212196484208107,"z":0.0466328039765358,"w":0.9533723592758179},"size":78.11602783203125,"orthographic":false}